{
    "TransE": {
        "Hits@K": {
            "1": 0.5051765330501725,
            "3": 0.66179984072206,
            "10": 0.7512609503583754
        },
        "MRR": 0.5934739349191194
    },
    "RotatE": {
        "Hits@K": {
            "1": 0.4727900185824263,
            "3": 0.6026015396867533,
            "10": 0.6902044066896735
        },
        "MRR": 0.550900675494781
    },
    "ComplEx": {
        "Hits@K": {
            "1": 0.514467746217149,
            "3": 0.6503849216883462,
            "10": 0.7459516856915317
        },
        "MRR": 0.595987766272739
    },
    "DistMult": {
        "Hits@K": {
            "1": 0.5070347756835678,
            "3": 0.6437483408547916,
            "10": 0.7233873108574462
        },
        "MRR": 0.5870063466824385
    },
    "TransH": {
        "Hits@K": {
            "1": 0.49031059198301036,
            "3": 0.6535704804884523,
            "10": 0.7555083620918502
        },
        "MRR": 0.5851179899376273
    },
    "TransD": {
        "Hits@K": {
            "1": 0.4966817095832227,
            "3": 0.6726838332890894,
            "10": 0.7547119723918237
        },
        "MRR": 0.5941388737739469
    }
}