{
    "GraphSAGE": {
        "Hits@K": {
            "1": 0.49721263604990706,
            "3": 0.66179984072206,
            "10": 0.7578975311919299
        },
        "MRR": 0.590580160155785
    },
    "R-GCN": {
        "Hits@K": {
            "1": 0.4929652243164322,
            "3": 0.6522431643217415,
            "10": 0.7600212370586674
        },
        "MRR": 0.5869352839159382
    },
    "A2N": {
        "Hits@K": {
            "1": 0.5011945845500398,
            "3": 0.6591452083886382,
            "10": 0.7597557738253252
        },
        "MRR": 0.5921754824118861
    },
    "CompGCN": {
        "Hits@K": {
            "1": 0.4966817095832227,
            "3": 0.6511813113883728,
            "10": 0.7528537297584285
        },
        "MRR": 0.5885014536916251
    },
    "SE-GNN": {
        "Hits@K": {
            "1": 0.49508893018316963,
            "3": 0.6461375099548713,
            "10": 0.7578975311919299
        },
        "MRR": 0.5873548662159037
    }
}